[
 {
   "code": "youth_qcup",
   "dances": "[Q]",
   "Id": 1,
   "name": "Youth Open - Quickstep Cup",
   "system": "Skating"
 },
 {
   "code": "youth_jcup",
   "dances": "[J]",
   "Id": 2,
   "name": "Youth Open - Jive Cup",
   "system": "Skating"
 },
 {
   "code": "u21_pcup",
   "dances": "[P]",
   "Id": 3,
   "name": "U21 Open - Pasodoble Cup",
   "system": "Skating"
 },
 {
   "code": "jun2_e",
   "dances": "[VW, S]",
   "Id": 4,
   "name": "Junior II - E class",
   "system": "Skating"
 },
 {
   "code": "juv1_e",
   "dances": "[VW, S]",
   "Id": 5,
   "name": "Juvenile I - E class",
   "system": "mass"
 },
 {
   "code": "juv2_e",
   "dances": "[VW, S]",
   "Id": 6,
   "name": "Juvenile II - E class",
   "system": "mass"
 },
 {
   "code": "adults_fcup",
   "dances": "[F]",
   "Id": 7,
   "name": "Adults Open - Foxtrot Cup",
   "system": "Skating"
 },
 {
   "code": "jun1_f",
   "dances": "[VW, S]",
   "Id": 8,
   "name": "Junior I - F class",
   "system": "Skating"
 },
 {
   "code": "juv1_f",
   "dances": "[VW, S]",
   "Id": 9,
   "name": "Juvenile I - F class",
   "system": "mass"
 }
]