[
 {
   "number": 1,
   "name": "Kim Benyaminov",
   "category_ids": "[5]",
   "club": "Maccabi Dance Avenue"
 },
 {
   "number": 2,
   "name": "Noa Moskovich",
   "category_ids": "[5]",
   "club": "Maccabi Dance Avenue"
 },
 {
   "number": 3,
   "name": "Ariela Pleshkov",
   "category_ids": "[5]",
   "club": "Maccabi Dance Avenue"
 },
 {
   "number": 4,
   "name": "Adel Plaich",
   "category_ids": "[5]",
   "club": "Maccabi Dance Avenue"
 },
 {
   "number": 5,
   "name": "Mia Knyazkevsky",
   "category_ids": "[5]",
   "club": "Maccabi Dance Avenue"
 },
 {
   "number": 6,
   "name": "Omer Samsonic",
   "category_ids": "[5]",
   "club": "Maccabi Dance Avenue"
 },
 {
   "number": 7,
   "name": "Diana Sverdlov",
   "category_ids": "[5]",
   "club": "Maccabi Dance Avenue"
 },
 {
   "number": 8,
   "name": "Polina Lifshits",
   "category_ids": "[5]",
   "club": "Maccabi Dance Avenue"
 },
 {
   "number": 9,
   "name": "Liel Shavit",
   "category_ids": "[5]",
   "club": "Maccabi Dance Avenue"
 },
 {
   "number": 10,
   "name": "Romy Koren",
   "category_ids": "[5]",
   "club": "Maccabi Dance Avenue"
 },
 {
   "number": 11,
   "name": "Daria Abramov",
   "category_ids": "[5]",
   "club": "Maccabi Dance Avenue"
 },
 {
   "number": 12,
   "name": "Ester Rozenfeld",
   "category_ids": "[5]",
   "club": "Maccabi Dance Avenue"
 },
 {
   "number": 13,
   "name": " Yael Rozenfeld",
   "category_ids": "[5]",
   "club": "Maccabi Dance Avenue"
 },
 {
   "number": 14,
   "name": "Gaya Bannych",
   "category_ids": "[5]",
   "club": "Maccabi Dance Avenue"
 },
 {
   "number": 15,
   "name": "Yuli Esti Goren",
   "category_ids": "[6]",
   "club": "Maccabi Dance Avenue"
 },
 {
   "number": 16,
   "name": "Loren Lozansky",
   "category_ids": "[6]",
   "club": "Maccabi Dance Avenue"
 },
 {
   "number": 17,
   "name": "Dina Rozenfeld",
   "category_ids": "[6]",
   "club": "Maccabi Dance Avenue"
 },
 {
   "number": 18,
   "name": "Lia Turkeltaub",
   "category_ids": "[6]",
   "club": "Maccabi Dance Avenue"
 },
 {
   "number": 19,
   "name": "Sol Adi",
   "category_ids": "[7]",
   "club": "Maccabi Dance Avenue"
 },
 {
   "number": 20,
   "name": "Timothy Smazhenko - Bar Kliger",
   "category_ids": "[1]",
   "club": "Maccabi Dance Avenue"
 },
 {
   "number": 21,
   "name": "Yotam Marom - Lia Veronica Barash",
   "category_ids": "[2]",
   "club": "Maccabi Dance Avenue"
 },
 {
   "number": 22,
   "name": "Noam Koresh - Liel Michaeli",
   "category_ids": "[3]",
   "club": "Maccabi Dance Avenue"
 },
 {
   "number": 23,
   "name": "Tommy Tanaka - Avigail Goldshmit",
   "category_ids": "[4]",
   "club": "Maccabi Dance Avenue"
 },
 {
   "number": 24,
   "name": "Mikhail Mokrushov - Sofia Kempf",
   "category_ids": "[1]",
   "club": "Etude"
 },
 {
   "number": 25,
   "name": "Yali Stajero - Gabby Zvirin",
   "category_ids": "[6]",
   "club": "Primestep"
 },
 {
   "number": 26,
   "name": "Alisa plotkin",
   "category_ids": "[5]",
   "club": "Primestep"
 },
 {
   "number": 27,
   "name": "Martin Vogman -\nNaomi Sarah Zaltsman",
   "category_ids": "[6]",
   "club": "Primestep"
 },
 {
   "number": 28,
   "name": "Loren Briskman",
   "category_ids": "[9]",
   "club": "Primestep"
 },
 {
   "number": 29,
   "name": "Alexandra Danilovitch",
   "category_ids": "[6]",
   "club": "Primestep"
 },
 {
   "number": 30,
   "name": "Amalia Zeltser",
   "category_ids": "[9]",
   "club": "Primestep"
 },
 {
   "number": 31,
   "name": "Vera Shuvalova",
   "category_ids": "[8]",
   "club": "Primestep"
 },
 {
   "number": 32,
   "name": "Mia Komissarov",
   "category_ids": "[6]",
   "club": "Primestep"
 },
 {
   "number": 33,
   "name": "Daniel Salatsky Michaela Fayer\n",
   "category_ids": "[5]",
   "club": "Primestep"
 },
 {
   "number": 34,
   "name": "Loren Firsov",
   "category_ids": "[9]",
   "club": "Primestep"
 },
 {
   "number": 35,
   "name": "Vanessa Holy",
   "category_ids": "[9]",
   "club": "Primestep"
 },
 {
   "number": 36,
   "name": "Stephanie Michael",
   "category_ids": "[9]",
   "club": "Primestep"
 },
 {
   "number": 37,
   "name": "Tina Shuster",
   "category_ids": "[6]",
   "club": "Primestep"
 },
 {
   "number": 38,
   "name": "Liel Roizman",
   "category_ids": "[6]",
   "club": "Primestep"
 },
 {
   "number": 39,
   "name": "Mariia Nosachova",
   "category_ids": "[6]",
   "club": "Primestep"
 },
 {
   "number": 40,
   "name": "Milana Halevi",
   "category_ids": "[5]",
   "club": "Primestep"
 },
 {
   "number": 41,
   "name": "Milana Varshavsky",
   "category_ids": "[6]",
   "club": "Primestep"
 },
 {
   "number": 42,
   "name": "Lian Milshtein\n",
   "category_ids": "[9]",
   "club": "Primestep"
 },
 {
   "number": 43,
   "name": "Michelle Boguslavsky",
   "category_ids": "[9]",
   "club": "Primestep"
 },
 {
   "number": 44,
   "name": "Odel Avigdor",
   "category_ids": "[6]",
   "club": "Primestep"
 }
]